geoid,name,pop
0500000US01003,"Baldwin County, Alabama",171344
0500000US01015,"Calhoun County, Alabama",87872
0500000US01043,"Cullman County, Alabama",63818
0500000US01049,"DeKalb County, Alabama",49295
0500000US01051,"Elmore County, Alabama",61394
0500000US01055,"Etowah County, Alabama",79514
0500000US01069,"Houston County, Alabama",80076
0500000US01073,"Jefferson County, Alabama",495515
0500000US01077,"Lauderdale County, Alabama",73859
0500000US01081,"Lee County, Alabama",124629
0500000US01083,"Limestone County, Alabama",75911
0500000US01089,"Madison County, Alabama",283657
0500000US01095,"Marshall County, Alabama",67684
0500000US01097,"Mobile County, Alabama",312267
0500000US01101,"Montgomery County, Alabama",168682
0500000US01103,"Morgan County, Alabama",88925
0500000US01115,"St. Clair County, Alabama",69081
0500000US01117,"Shelby County, Alabama",161863
0500000US01121,"Talladega County, Alabama",62328
0500000US01125,"Tuscaloosa County, Alabama",161318
0500000US01127,"Walker County, Alabama",48925
0500000US02020,"Anchorage Municipality, Alaska",209427
0500000US02090,"Fairbanks North Star Borough, Alaska",72121
0500000US02170,"Matanuska-Susitna Borough, Alaska",78527
0500000US04001,"Apache County, Arizona",52650
0500000US04003,"Cochise County, Arizona",93194
0500000US04005,"Coconino County, Arizona",112926
0500000US04013,"Maricopa County, Arizona",3082468
0500000US04015,"Mohave County, Arizona",171003
0500000US04017,"Navajo County, Arizona",80410
0500000US04019,"Pima County, Arizona",761110
0500000US04021,"Pinal County, Arizona",339589
0500000US04025,"Yavapai County, Arizona",189559
0500000US04027,"Yuma County, Arizona",131800
0500000US05007,"Benton County, Arkansas",188080
0500000US05031,"Craighead County, Arkansas",81738
0500000US05045,"Faulkner County, Arkansas",96536
0500000US05051,"Garland County, Arkansas",78004
0500000US05069,"Jefferson County, Arkansas",51515
0500000US05085,"Lonoke County, Arkansas",53419
0500000US05119,"Pulaski County, Arkansas",290166
0500000US05125,"Saline County, Arkansas",92476
0500000US05131,"Sebastian County, Arkansas",90552
0500000US05143,"Washington County, Arkansas",164790
0500000US05145,"White County, Arkansas",59774
0500000US06001,"Alameda County, California",1112472
0500000US06007,"Butte County, California",167905
0500000US06013,"Contra Costa County, California",775500
0500000US06017,"El Dorado County, California",147487
0500000US06019,"Fresno County, California",609208
0500000US06023,"Humboldt County, California",106177
0500000US06025,"Imperial County, California",104890
0500000US06029,"Kern County, California",536316
0500000US06031,"Kings County, California",94140
0500000US06033,"Lake County, California",48201
0500000US06037,"Los Angeles County, California",6389353
0500000US06039,"Madera County, California",93809
0500000US06041,"Marin County, California",186536
0500000US06045,"Mendocino County, California",63220
0500000US06047,"Merced County, California",152945
0500000US06053,"Monterey County, California",236671
0500000US06055,"Napa County, California",96519
0500000US06057,"Nevada County, California",79852
0500000US06059,"Orange County, California",2099774
0500000US06061,"Placer County, California",293465
0500000US06065,"Riverside County, California",1639146
0500000US06067,"Sacramento County, California",1068900
0500000US06071,"San Bernardino County, California",1399650
0500000US06073,"San Diego County, California",2328508
0500000US06075,"San Francisco County, California",662741
0500000US06077,"San Joaquin County, California",479513
0500000US06079,"San Luis Obispo County, California",222201
0500000US06081,"San Mateo County, California",502997
0500000US06083,"Santa Barbara County, California",281506
0500000US06085,"Santa Clara County, California",1184434
0500000US06087,"Santa Cruz County, California",198382
0500000US06089,"Shasta County, California",138373
0500000US06095,"Solano County, California",314933
0500000US06097,"Sonoma County, California",361748
0500000US06099,"Stanislaus County, California",348773
0500000US06101,"Sutter County, California",63493
0500000US06103,"Tehama County, California",47296
0500000US06107,"Tulare County, California",274023
0500000US06111,"Ventura County, California",572857
0500000US06113,"Yolo County, California",153604
0500000US06115,"Yuba County, California",52934
0500000US08001,"Adams County, Colorado",344584
0500000US08005,"Arapahoe County, Colorado",456141
0500000US08013,"Boulder County, Colorado",247368
0500000US08014,"Broomfield County, Colorado",53297
0500000US08031,"Denver County, Colorado",541386
0500000US08035,"Douglas County, Colorado",252510
0500000US08041,"El Paso County, Colorado",532111
0500000US08059,"Jefferson County, Colorado",455403
0500000US08069,"Larimer County, Colorado",280263
0500000US08077,"Mesa County, Colorado",117220
0500000US08101,"Pueblo County, Colorado",127627
0500000US08123,"Weld County, Colorado",223529
0500000US09001,"Fairfield County, Connecticut",638357
0500000US09003,"Hartford County, Connecticut",654823
0500000US09005,"Litchfield County, Connecticut",143831
0500000US09007,"Middlesex County, Connecticut",130793
0500000US09009,"New Haven County, Connecticut",637465
0500000US09011,"New London County, Connecticut",203605
0500000US09013,"Tolland County, Connecticut",119012
0500000US09015,"Windham County, Connecticut",91588
0500000US10001,"Kent County, Delaware",134411
0500000US10003,"New Castle County, Delaware",409071
0500000US10005,"Sussex County, Delaware",181696
0500000US11001,"District of Columbia, District of Columbia",536768
0500000US12001,"Alachua County, Florida",206052
0500000US12005,"Bay County, Florida",134621
0500000US12009,"Brevard County, Florida",477843
0500000US12011,"Broward County, Florida",1308132
0500000US12015,"Charlotte County, Florida",159653
0500000US12017,"Citrus County, Florida",126179
0500000US12019,"Clay County, Florida",165315
0500000US12021,"Collier County, Florida",274748
0500000US12023,"Columbia County, Florida",54632
0500000US12031,"Duval County, Florida",699932
0500000US12033,"Escambia County, Florida",244023
0500000US12035,"Flagler County, Florida",92260
0500000US12053,"Hernando County, Florida",155115
0500000US12055,"Highlands County, Florida",82330
0500000US12057,"Hillsborough County, Florida",1021724
0500000US12061,"Indian River County, Florida",124090
0500000US12069,"Lake County, Florida",282301
0500000US12071,"Lee County, Florida",584536
0500000US12073,"Leon County, Florida",228515
0500000US12081,"Manatee County, Florida",308838
0500000US12083,"Marion County, Florida",290488
0500000US12085,"Martin County, Florida",126570
0500000US12086,"Miami-Dade County, Florida",1625606
0500000US12087,"Monroe County, Florida",58011
0500000US12089,"Nassau County, Florida",69424
0500000US12091,"Okaloosa County, Florida",154994
0500000US12095,"Orange County, Florida",958522
0500000US12097,"Osceola County, Florida",245270
0500000US12099,"Palm Beach County, Florida",1047506
0500000US12101,"Pasco County, Florida",423700
0500000US12103,"Pinellas County, Florida",777991
0500000US12105,"Polk County, Florida",535299
0500000US12107,"Putnam County, Florida",56375
0500000US12109,"St. Johns County, Florida",201647
0500000US12111,"St. Lucie County, Florida",242735
0500000US12113,"Santa Rosa County, Florida",141690
0500000US12115,"Sarasota County, Florida",354071
0500000US12117,"Seminole County, Florida",348809
0500000US12119,"Sumter County, Florida",120663
0500000US12127,"Volusia County, Florida",442483
0500000US12131,"Walton County, Florida",56996
0500000US13013,"Barrow County, Georgia",59762
0500000US13015,"Bartow County, Georgia",78388
0500000US13021,"Bibb County, Georgia",113115
0500000US13031,"Bulloch County, Georgia",62609
0500000US13045,"Carroll County, Georgia",87945
0500000US13047,"Catoosa County, Georgia",51810
0500000US13051,"Chatham County, Georgia",220481
0500000US13057,"Cherokee County, Georgia",183825
0500000US13059,"Clarke County, Georgia",99653
0500000US13063,"Clayton County, Georgia",192381
0500000US13067,"Cobb County, Georgia",523625
0500000US13073,"Columbia County, Georgia",115224
0500000US13077,"Coweta County, Georgia",109457
0500000US13089,"DeKalb County, Georgia",528064
0500000US13095,"Dougherty County, Georgia",66493
0500000US13097,"Douglas County, Georgia",103087
0500000US13113,"Fayette County, Georgia",82659
0500000US13115,"Floyd County, Georgia",71527
0500000US13117,"Forsyth County, Georgia",154998
0500000US13121,"Fulton County, Georgia",773633
0500000US13127,"Glynn County, Georgia",65430
0500000US13135,"Gwinnett County, Georgia",566325
0500000US13139,"Hall County, Georgia",134202
0500000US13151,"Henry County, Georgia",169958
0500000US13153,"Houston County, Georgia",114015
0500000US13157,"Jackson County, Georgia",52674
0500000US13185,"Lowndes County, Georgia",87221
0500000US13215,"Muscogee County, Georgia",143310
0500000US13217,"Newton County, Georgia",79035
0500000US13223,"Paulding County, Georgia",120119
0500000US13245,"Richmond County, Georgia",153303
0500000US13247,"Rockdale County, Georgia",65185
0500000US13255,"Spalding County, Georgia",49737
0500000US13285,"Troup County, Georgia",52264
0500000US13295,"Walker County, Georgia",54559
0500000US13297,"Walton County, Georgia",69656
0500000US13313,"Whitfield County, Georgia",64436
0500000US15001,"Hawaii County, Hawaii",144347
0500000US15003,"Honolulu County, Hawaii",700404
0500000US15007,"Kauai County, Hawaii",51823
0500000US15009,"Maui County, Hawaii",117451
0500000US16001,"Ada County, Idaho",357306
0500000US16005,"Bannock County, Idaho",64055
0500000US16019,"Bonneville County, Idaho",80505
0500000US16027,"Canyon County, Idaho",157029
0500000US16055,"Kootenai County, Idaho",126057
0500000US16083,"Twin Falls County, Idaho",58406
0500000US17001,"Adams County, Illinois",50846
0500000US17019,"Champaign County, Illinois",156390
0500000US17031,"Cook County, Illinois",3556353
0500000US17037,"DeKalb County, Illinois",80419
0500000US17043,"DuPage County, Illinois",649299
0500000US17089,"Kane County, Illinois",361295
0500000US17091,"Kankakee County, Illinois",82577
0500000US17093,"Kendall County, Illinois",88022
0500000US17097,"Lake County, Illinois",474402
0500000US17099,"LaSalle County, Illinois",83868
0500000US17111,"McHenry County, Illinois",224602
0500000US17113,"McLean County, Illinois",129435
0500000US17115,"Macon County, Illinois",79937
0500000US17119,"Madison County, Illinois",204571
0500000US17143,"Peoria County, Illinois",132553
0500000US17161,"Rock Island County, Illinois",104395
0500000US17163,"St. Clair County, Illinois",196120
0500000US17167,"Sangamon County, Illinois",149643
0500000US17179,"Tazewell County, Illinois",100479
0500000US17183,"Vermilion County, Illinois",57171
0500000US17197,"Will County, Illinois",488450
0500000US17199,"Williamson County, Illinois",51067
0500000US17201,"Winnebago County, Illinois",206153
0500000US18003,"Allen County, Indiana",267715
0500000US18005,"Bartholomew County, Indiana",57664
0500000US18011,"Boone County, Indiana",47930
0500000US18019,"Clark County, Indiana",89488
0500000US18035,"Delaware County, Indiana",92979
0500000US18039,"Elkhart County, Indiana",141092
0500000US18043,"Floyd County, Indiana",59728
0500000US18053,"Grant County, Indiana",51527
0500000US18057,"Hamilton County, Indiana",239526
0500000US18059,"Hancock County, Indiana",60476
0500000US18063,"Hendricks County, Indiana",125668
0500000US18067,"Howard County, Indiana",63075
0500000US18081,"Johnson County, Indiana",116543
0500000US18085,"Kosciusko County, Indiana",57909
0500000US18089,"Lake County, Indiana",360410
0500000US18091,"LaPorte County, Indiana",85320
0500000US18095,"Madison County, Indiana",100127
0500000US18097,"Marion County, Indiana",675236
0500000US18105,"Monroe County, Indiana",118090
0500000US18109,"Morgan County, Indiana",54341
0500000US18127,"Porter County, Indiana",131128
0500000US18141,"St. Joseph County, Indiana",196981
0500000US18157,"Tippecanoe County, Indiana",139465
0500000US18163,"Vanderburgh County, Indiana",138743
0500000US18167,"Vigo County, Indiana",83488
0500000US18177,"Wayne County, Indiana",49708
0500000US19013,"Black Hawk County, Iowa",97942
0500000US19049,"Dallas County, Iowa",65987
0500000US19061,"Dubuque County, Iowa",73687
0500000US19103,"Johnson County, Iowa",111550
0500000US19113,"Linn County, Iowa",168789
0500000US19153,"Polk County, Iowa",347196
0500000US19155,"Pottawattamie County, Iowa",70163
0500000US19163,"Scott County, Iowa",129806
0500000US19169,"Story County, Iowa",76797
0500000US19193,"Woodbury County, Iowa",72473
0500000US20015,"Butler County, Kansas",48298
0500000US20045,"Douglas County, Kansas",94171
0500000US20091,"Johnson County, Kansas",431916
0500000US20103,"Leavenworth County, Kansas",61889
0500000US20161,"Riley County, Kansas",59209
0500000US20173,"Sedgwick County, Kansas",363510
0500000US20177,"Shawnee County, Kansas",133330
0500000US20209,"Wyandotte County, Kansas",100421
0500000US21015,"Boone County, Kentucky",93670
0500000US21029,"Bullitt County, Kentucky",62189
0500000US21037,"Campbell County, Kentucky",73450
0500000US21047,"Christian County, Kentucky",50385
0500000US21059,"Daviess County, Kentucky",74021
0500000US21067,"Fayette County, Kentucky",238116
0500000US21093,"Hardin County, Kentucky",82482
0500000US21111,"Jefferson County, Kentucky",566026
0500000US21117,"Kenton County, Kentucky",124007
0500000US21145,"McCracken County, Kentucky",50522
0500000US21151,"Madison County, Kentucky",72355
0500000US21185,"Oldham County, Kentucky",48867
0500000US21227,"Warren County, Kentucky",94053
0500000US22005,"Ascension Parish, Louisiana",91000
0500000US22015,"Bossier Parish, Louisiana",92857
0500000US22017,"Caddo Parish, Louisiana",181832
0500000US22019,"Calcasieu Parish, Louisiana",149253
0500000US22033,"East Baton Rouge Parish, Louisiana",324400
0500000US22045,"Iberia Parish, Louisiana",50990
0500000US22051,"Jefferson Parish, Louisiana",309998
0500000US22055,"Lafayette Parish, Louisiana",181358
0500000US22057,"Lafourche Parish, Louisiana",73359
0500000US22063,"Livingston Parish, Louisiana",103203
0500000US22071,"Orleans Parish, Louisiana",303459
0500000US22073,"Ouachita Parish, Louisiana",113849
0500000US22079,"Rapides Parish, Louisiana",95767
0500000US22097,"St. Landry Parish, Louisiana",60519
0500000US22103,"St. Tammany Parish, Louisiana",193466
0500000US22105,"Tangipahoa Parish, Louisiana",100134
0500000US22109,"Terrebonne Parish, Louisiana",80173
0500000US23001,"Androscoggin County, Maine",83221
0500000US23003,"Aroostook County, Maine",54086
0500000US23005,"Cumberland County, Maine",233875
0500000US23011,"Kennebec County, Maine",98670
0500000US23019,"Penobscot County, Maine",123660
0500000US23031,"York County, Maine",166640
0500000US24001,"Allegany County, Maryland",57871
0500000US24003,"Anne Arundel County, Maryland",432624
0500000US24005,"Baltimore County, Maryland",607700
0500000US24009,"Calvert County, Maryland",70096
0500000US24013,"Carroll County, Maryland",130117
0500000US24015,"Cecil County, Maryland",78499
0500000US24017,"Charles County, Maryland",119709
0500000US24021,"Frederick County, Maryland",188353
0500000US24025,"Harford County, Maryland",196554
0500000US24027,"Howard County, Maryland",222241
0500000US24031,"Montgomery County, Maryland",670933
0500000US24033,"Prince George's County, Maryland",596445
0500000US24037,"St. Mary's County, Maryland",84469
0500000US24043,"Washington County, Maryland",113328
0500000US24045,"Wicomico County, Maryland",75589
0500000US24510,"Baltimore city, Maryland",452779
0500000US25001,"Barnstable County, Massachusetts",174786
0500000US25003,"Berkshire County, Massachusetts",101919
0500000US25005,"Bristol County, Massachusetts",423517
0500000US25009,"Essex County, Massachusetts",563889
0500000US25011,"Franklin County, Massachusetts",56889
0500000US25013,"Hampden County, Massachusetts",356838
0500000US25015,"Hampshire County, Massachusetts",130881
0500000US25017,"Middlesex County, Massachusetts",1144612
0500000US25021,"Norfolk County, Massachusetts",513230
0500000US25023,"Plymouth County, Massachusetts",396497
0500000US25025,"Suffolk County, Massachusetts",563302
0500000US25027,"Worcester County, Massachusetts",609463
0500000US26005,"Allegan County, Michigan",88281
0500000US26017,"Bay County, Michigan",82219
0500000US26021,"Berrien County, Michigan",116403
0500000US26025,"Calhoun County, Michigan",101368
0500000US26037,"Clinton County, Michigan",61247
0500000US26045,"Eaton County, Michigan",85536
0500000US26049,"Genesee County, Michigan",311677
0500000US26055,"Grand Traverse County, Michigan",74327
0500000US26065,"Ingham County, Michigan",220421
0500000US26073,"Isabella County, Michigan",56718
0500000US26075,"Jackson County, Michigan",123467
0500000US26077,"Kalamazoo County, Michigan",199066
0500000US26081,"Kent County, Michigan",472628
0500000US26087,"Lapeer County, Michigan",69354
0500000US26091,"Lenawee County, Michigan",76326
0500000US26093,"Livingston County, Michigan",149986
0500000US26099,"Macomb County, Michigan",662985
0500000US26103,"Marquette County, Michigan",54081
0500000US26111,"Midland County, Michigan",63744
0500000US26115,"Monroe County, Michigan",117832
0500000US26121,"Muskegon County, Michigan",132856
0500000US26125,"Oakland County, Michigan",930469
0500000US26139,"Ottawa County, Michigan",215273
0500000US26145,"Saginaw County, Michigan",148154
0500000US26147,"St. Clair County, Michigan",125107
0500000US26155,"Shiawassee County, Michigan",53669
0500000US26159,"Van Buren County, Michigan",55951
0500000US26161,"Washtenaw County, Michigan",276185
0500000US26163,"Wayne County, Michigan",1279313
0500000US27003,"Anoka County, Minnesota",262832
0500000US27013,"Blue Earth County, Minnesota",51388
0500000US27019,"Carver County, Minnesota",74818
0500000US27035,"Crow Wing County, Minnesota",50565
0500000US27037,"Dakota County, Minnesota",307701
0500000US27053,"Hennepin County, Minnesota",925232
0500000US27109,"Olmsted County, Minnesota",112588
0500000US27123,"Ramsey County, Minnesota",390610
0500000US27131,"Rice County, Minnesota",50633
0500000US27137,"St. Louis County, Minnesota",159563
0500000US27139,"Scott County, Minnesota",103877
0500000US27141,"Sherburne County, Minnesota",70796
0500000US27145,"Stearns County, Minnesota",120520
0500000US27163,"Washington County, Minnesota",194790
0500000US27171,"Wright County, Minnesota",98613
0500000US28033,"DeSoto County, Mississippi",135519
0500000US28035,"Forrest County, Mississippi",57089
0500000US28047,"Harrison County, Mississippi",155849
0500000US28049,"Hinds County, Mississippi",174129
0500000US28059,"Jackson County, Mississippi",108377
0500000US28067,"Jones County, Mississippi",49774
0500000US28075,"Lauderdale County, Mississippi",56447
0500000US28081,"Lee County, Mississippi",63095
0500000US28089,"Madison County, Mississippi",77668
0500000US28121,"Rankin County, Mississippi",117672
0500000US29019,"Boone County, Missouri",135423
0500000US29021,"Buchanan County, Missouri",67215
0500000US29031,"Cape Girardeau County, Missouri",61837
0500000US29037,"Cass County, Missouri",80433
0500000US29043,"Christian County, Missouri",64604
0500000US29047,"Clay County, Missouri",185869
0500000US29051,"Cole County, Missouri",58122
0500000US29071,"Franklin County, Missouri",80371
0500000US29077,"Greene County, Missouri",228902
0500000US29095,"Jackson County, Missouri",518680
0500000US29097,"Jasper County, Missouri",87239
0500000US29099,"Jefferson County, Missouri",172245
0500000US29165,"Platte County, Missouri",78629
0500000US29183,"St. Charles County, Missouri",301999
0500000US29187,"St. Francois County, Missouri",53332
0500000US29189,"St. Louis County, Missouri",749991
0500000US29510,"St. Louis city, Missouri",232756
0500000US30013,"Cascade County, Montana",62825
0500000US30029,"Flathead County, Montana",79907
0500000US30031,"Gallatin County, Montana",91029
0500000US30049,"Lewis and Clark County, Montana",55168
0500000US30063,"Missoula County, Montana",96101
0500000US30111,"Yellowstone County, Montana",122103
0500000US31055,"Douglas County, Nebraska",394355
0500000US31109,"Lancaster County, Nebraska",235253
0500000US31153,"Sarpy County, Nebraska",132564
0500000US32003,"Clark County, Nevada",1514146
0500000US32031,"Washoe County, Nevada",337075
0500000US33005,"Cheshire County, New Hampshire",61409
0500000US33009,"Grafton County, New Hampshire",71814
0500000US33011,"Hillsborough County, New Hampshire",316423
0500000US33013,"Merrimack County, New Hampshire",119699
0500000US33015,"Rockingham County, New Hampshire",244454
0500000US33017,"Strafford County, New Hampshire",104885
0500000US34001,"Atlantic County, New Jersey",191437
0500000US34003,"Bergen County, New Jersey",647514
0500000US34005,"Burlington County, New Jersey",339881
0500000US34007,"Camden County, New Jersey",371846
0500000US34009,"Cape May County, New Jersey",73000
0500000US34011,"Cumberland County, New Jersey",103230
0500000US34013,"Essex County, New Jersey",514442
0500000US34015,"Gloucester County, New Jersey",223939
0500000US34017,"Hudson County, New Jersey",399934
0500000US34019,"Hunterdon County, New Jersey",95513
0500000US34021,"Mercer County, New Jersey",248119
0500000US34023,"Middlesex County, New Jersey",554767
0500000US34025,"Monmouth County, New Jersey",466239
0500000US34027,"Morris County, New Jersey",353838
0500000US34029,"Ocean County, New Jersey",445392
0500000US34031,"Passaic County, New Jersey",316823
0500000US34033,"Salem County, New Jersey",48968
0500000US34035,"Somerset County, New Jersey",229144
0500000US34037,"Sussex County, New Jersey",110863
0500000US34039,"Union County, New Jersey",353821
0500000US34041,"Warren County, New Jersey",81420
0500000US35001,"Bernalillo County, New Mexico",499052
0500000US35005,"Chaves County, New Mexico",43986
0500000US35013,"Doña Ana County, New Mexico",150744
0500000US35025,"Lea County, New Mexico",40528
0500000US35031,"McKinley County, New Mexico",50774
0500000US35035,"Otero County, New Mexico",46639
0500000US35043,"Sandoval County, New Mexico",110959
0500000US35045,"San Juan County, New Mexico",90506
0500000US35049,"Santa Fe County, New Mexico",113975
0500000US35061,"Valencia County, New Mexico",58246
0500000US36001,"Albany County, New York",237600
0500000US36005,"Bronx County, New York",860883
0500000US36007,"Broome County, New York",148107
0500000US36009,"Cattaraugus County, New York",58996
0500000US36011,"Cayuga County, New York",61208
0500000US36013,"Chautauqua County, New York",100398
0500000US36015,"Chemung County, New York",65307
0500000US36019,"Clinton County, New York",64462
0500000US36027,"Dutchess County, New York",226846
0500000US36029,"Erie County, New York",710662
0500000US36045,"Jefferson County, New York",82135
0500000US36047,"Kings County, New York",1666176
0500000US36051,"Livingston County, New York",50625
0500000US36053,"Madison County, New York",56703
0500000US36055,"Monroe County, New York",568489
0500000US36059,"Nassau County, New York",977858
0500000US36061,"New York County, New York",1203078
0500000US36063,"Niagara County, New York",164569
0500000US36065,"Oneida County, New York",173448
0500000US36067,"Onondaga County, New York",348868
0500000US36069,"Ontario County, New York",86510
0500000US36071,"Orange County, New York",274459
0500000US36075,"Oswego County, New York",91581
0500000US36079,"Putnam County, New York",74413
0500000US36081,"Queens County, New York",1388231
0500000US36083,"Rensselaer County, New York",122890
0500000US36085,"Richmond County, New York",339044
0500000US36087,"Rockland County, New York",208025
0500000US36089,"St. Lawrence County, New York",85516
0500000US36091,"Saratoga County, New York",179713
0500000US36093,"Schenectady County, New York",116573
0500000US36101,"Steuben County, New York",73185
0500000US36103,"Suffolk County, New York",1084035
0500000US36105,"Sullivan County, New York",57712
0500000US36109,"Tompkins County, New York",81322
0500000US36111,"Ulster County, New York",140594
0500000US36113,"Warren County, New York",51883
0500000US36117,"Wayne County, New York",70312
0500000US36119,"Westchester County, New York",670449
0500000US37001,"Alamance County, North Carolina",123223
0500000US37019,"Brunswick County, North Carolina",120061
0500000US37021,"Buncombe County, North Carolina",202314
0500000US37023,"Burke County, North Carolina",70157
0500000US37025,"Cabarrus County, North Carolina",152378
0500000US37027,"Caldwell County, North Carolina",64174
0500000US37031,"Carteret County, North Carolina",56912
0500000US37035,"Catawba County, North Carolina",118836
0500000US37037,"Chatham County, North Carolina",53931
0500000US37045,"Cleveland County, North Carolina",75291
0500000US37049,"Craven County, North Carolina",77300
0500000US37051,"Cumberland County, North Carolina",243613
0500000US37057,"Davidson County, North Carolina",125860
0500000US37063,"Durham County, North Carolina",228429
0500000US37067,"Forsyth County, North Carolina",278895
0500000US37069,"Franklin County, North Carolina",51463
0500000US37071,"Gaston County, North Carolina",168342
0500000US37081,"Guilford County, North Carolina",392223
0500000US37085,"Harnett County, North Carolina",96559
0500000US37089,"Henderson County, North Carolina",91632
0500000US37097,"Iredell County, North Carolina",134507
0500000US37101,"Johnston County, North Carolina",144687
0500000US37109,"Lincoln County, North Carolina",66936
0500000US37119,"Mecklenburg County, North Carolina",754798
0500000US37125,"Moore County, North Carolina",76509
0500000US37127,"Nash County, North Carolina",72046
0500000US37129,"New Hanover County, North Carolina",186184
0500000US37133,"Onslow County, North Carolina",146691
0500000US37135,"Orange County, North Carolina",111748
0500000US37147,"Pitt County, North Carolina",136861
0500000US37151,"Randolph County, North Carolina",106440
0500000US37155,"Robeson County, North Carolina",94277
0500000US37157,"Rockingham County, North Carolina",71105
0500000US37159,"Rowan County, North Carolina",105420
0500000US37161,"Rutherford County, North Carolina",52502
0500000US37171,"Surry County, North Carolina",53903
0500000US37179,"Union County, North Carolina",166338
0500000US37183,"Wake County, North Carolina",771942
0500000US37191,"Wayne County, North Carolina",88565
0500000US37193,"Wilkes County, North Carolina",54467
0500000US37195,"Wilson County, North Carolina",59560
0500000US38015,"Burleigh County, North Dakota",72569
0500000US38017,"Cass County, North Dakota",133971
0500000US38035,"Grand Forks County, North Dakota",52836
0500000US38101,"Ward County, North Dakota",49131
0500000US39003,"Allen County, Ohio",77987
0500000US39007,"Ashtabula County, Ohio",75800
0500000US39009,"Athens County, Ohio",53344
0500000US39013,"Belmont County, Ohio",54378
0500000US39017,"Butler County, Ohio",279125
0500000US39023,"Clark County, Ohio",103546
0500000US39025,"Clermont County, Ohio",157826
0500000US39029,"Columbiana County, Ohio",81242
0500000US39035,"Cuyahoga County, Ohio",943990
0500000US39041,"Delaware County, Ohio",147512
0500000US39043,"Erie County, Ohio",58957
0500000US39045,"Fairfield County, Ohio",118379
0500000US39049,"Franklin County, Ohio",943912
0500000US39055,"Geauga County, Ohio",70961
0500000US39057,"Greene County, Ohio",130635
0500000US39061,"Hamilton County, Ohio",607866
0500000US39063,"Hancock County, Ohio",57636
0500000US39081,"Jefferson County, Ohio",52600
0500000US39085,"Lake County, Ohio",180611
0500000US39089,"Licking County, Ohio",135223
0500000US39093,"Lorain County, Ohio",238064
0500000US39095,"Lucas County, Ohio",324637
0500000US39099,"Mahoning County, Ohio",180765
0500000US39101,"Marion County, Ohio",50937
0500000US39103,"Medina County, Ohio",138755
0500000US39109,"Miami County, Ohio",81333
0500000US39113,"Montgomery County, Ohio",404579
0500000US39119,"Muskingum County, Ohio",67530
0500000US39133,"Portage County, Ohio",129706
0500000US39139,"Richland County, Ohio",94679
0500000US39141,"Ross County, Ohio",59906
0500000US39145,"Scioto County, Ohio",58851
0500000US39151,"Stark County, Ohio",289652
0500000US39153,"Summit County, Ohio",416178
0500000US39155,"Trumbull County, Ohio",157182
0500000US39157,"Tuscarawas County, Ohio",70374
0500000US39165,"Warren County, Ohio",170578
0500000US39169,"Wayne County, Ohio",86581
0500000US39173,"Wood County, Ohio",102548
0500000US40017,"Canadian County, Oklahoma",107418
0500000US40027,"Cleveland County, Oklahoma",215040
0500000US40031,"Comanche County, Oklahoma",90776
0500000US40037,"Creek County, Oklahoma",54273
0500000US40101,"Muskogee County, Oklahoma",50480
0500000US40109,"Oklahoma County, Oklahoma",549062
0500000US40119,"Payne County, Oklahoma",61628
0500000US40125,"Pottawatomie County, Oklahoma",55105
0500000US40131,"Rogers County, Oklahoma",69652
0500000US40143,"Tulsa County, Oklahoma",457646
0500000US40145,"Wagoner County, Oklahoma",60698
0500000US41003,"Benton County, Oregon",73371
0500000US41005,"Clackamas County, Oregon",318389
0500000US41017,"Deschutes County, Oregon",155747
0500000US41019,"Douglas County, Oregon",88982
0500000US41029,"Jackson County, Oregon",170465
0500000US41033,"Josephine County, Oregon",69395
0500000US41035,"Klamath County, Oregon",52215
0500000US41039,"Lane County, Oregon",301460
0500000US41043,"Linn County, Oregon",98305
0500000US41047,"Marion County, Oregon",237408
0500000US41051,"Multnomah County, Oregon",613074
0500000US41053,"Polk County, Oregon",63785
0500000US41059,"Umatilla County, Oregon",54659
0500000US41067,"Washington County, Oregon",418972
0500000US41071,"Yamhill County, Oregon",78278
0500000US42001,"Adams County, Pennsylvania",81064
0500000US42003,"Allegheny County, Pennsylvania",953365
0500000US42005,"Armstrong County, Pennsylvania",52096
0500000US42007,"Beaver County, Pennsylvania",131153
0500000US42011,"Berks County, Pennsylvania",316613
0500000US42013,"Blair County, Pennsylvania",96704
0500000US42017,"Bucks County, Pennsylvania",479735
0500000US42019,"Butler County, Pennsylvania",149363
0500000US42021,"Cambria County, Pennsylvania",105148
0500000US42025,"Carbon County, Pennsylvania",52039
0500000US42027,"Centre County, Pennsylvania",129936
0500000US42029,"Chester County, Pennsylvania",384135
0500000US42033,"Clearfield County, Pennsylvania",64054
0500000US42037,"Columbia County, Pennsylvania",53447
0500000US42039,"Crawford County, Pennsylvania",67022
0500000US42041,"Cumberland County, Pennsylvania",196597
0500000US42043,"Dauphin County, Pennsylvania",204077
0500000US42045,"Delaware County, Pennsylvania",419112
0500000US42049,"Erie County, Pennsylvania",209562
0500000US42051,"Fayette County, Pennsylvania",103163
0500000US42055,"Franklin County, Pennsylvania",117116
0500000US42063,"Indiana County, Pennsylvania",68530
0500000US42069,"Lackawanna County, Pennsylvania",161834
0500000US42071,"Lancaster County, Pennsylvania",408366
0500000US42073,"Lawrence County, Pennsylvania",68112
0500000US42075,"Lebanon County, Pennsylvania",108219
0500000US42077,"Lehigh County, Pennsylvania",269568
0500000US42079,"Luzerne County, Pennsylvania",244773
0500000US42081,"Lycoming County, Pennsylvania",88815
0500000US42085,"Mercer County, Pennsylvania",88442
0500000US42089,"Monroe County, Pennsylvania",133897
0500000US42091,"Montgomery County, Pennsylvania",623630
0500000US42095,"Northampton County, Pennsylvania",236683
0500000US42097,"Northumberland County, Pennsylvania",72014
0500000US42101,"Philadelphia County, Pennsylvania",1147538
0500000US42107,"Schuylkill County, Pennsylvania",112395
0500000US42111,"Somerset County, Pennsylvania",59678
0500000US42125,"Washington County, Pennsylvania",164801
0500000US42129,"Westmoreland County, Pennsylvania",283418
0500000US42133,"York County, Pennsylvania",340800
0500000US44003,"Kent County, Rhode Island",130722
0500000US44005,"Newport County, Rhode Island",65531
0500000US44007,"Providence County, Rhode Island",462220
0500000US44009,"Washington County, Rhode Island",103728
0500000US45003,"Aiken County, South Carolina",130366
0500000US45007,"Anderson County, South Carolina",153679
0500000US45013,"Beaufort County, South Carolina",150018
0500000US45015,"Berkeley County, South Carolina",167417
0500000US45019,"Charleston County, South Carolina",315503
0500000US45031,"Darlington County, South Carolina",51850
0500000US45035,"Dorchester County, South Carolina",117031
0500000US45041,"Florence County, South Carolina",103592
0500000US45045,"Greenville County, South Carolina",379510
0500000US45047,"Greenwood County, South Carolina",54569
0500000US45051,"Horry County, South Carolina",277031
0500000US45055,"Kershaw County, South Carolina",49777
0500000US45057,"Lancaster County, South Carolina",73233
0500000US45059,"Laurens County, South Carolina",50928
0500000US45063,"Lexington County, South Carolina",221500
0500000US45073,"Oconee County, South Carolina",61850
0500000US45075,"Orangeburg County, South Carolina",66819
0500000US45077,"Pickens County, South Carolina",100370
0500000US45079,"Richland County, South Carolina",313447
0500000US45083,"Spartanburg County, South Carolina",237683
0500000US45085,"Sumter County, South Carolina",80310
0500000US45091,"York County, South Carolina",205215
0500000US46099,"Minnehaha County, South Dakota",138955
0500000US46103,"Pennington County, South Dakota",86704
0500000US47001,"Anderson County, Tennessee",59625
0500000US47009,"Blount County, Tennessee",103455
0500000US47011,"Bradley County, Tennessee",81511
0500000US47037,"Davidson County, Tennessee",500382
0500000US47059,"Greene County, Tennessee",54947
0500000US47065,"Hamilton County, Tennessee",281506
0500000US47093,"Knox County, Tennessee",360760
0500000US47113,"Madison County, Tennessee",74679
0500000US47119,"Maury County, Tennessee",72381
0500000US47125,"Montgomery County, Tennessee",147473
0500000US47141,"Putnam County, Tennessee",61746
0500000US47147,"Robertson County, Tennessee",53064
0500000US47149,"Rutherford County, Tennessee",235813
0500000US47155,"Sevier County, Tennessee",74213
0500000US47157,"Shelby County, Tennessee",674333
0500000US47163,"Sullivan County, Tennessee",127104
0500000US47165,"Sumner County, Tennessee",141593
0500000US47179,"Washington County, Tennessee",103779
0500000US47187,"Williamson County, Tennessee",166748
0500000US47189,"Wilson County, Tennessee",107097
0500000US48005,"Angelina County, Texas",60460
0500000US48021,"Bastrop County, Texas",58912
0500000US48027,"Bell County, Texas",248903
0500000US48029,"Bexar County, Texas",1356332
0500000US48037,"Bowie County, Texas",69572
0500000US48039,"Brazoria County, Texas",255800
0500000US48041,"Brazos County, Texas",163288
0500000US48061,"Cameron County, Texas",238506
0500000US48085,"Collin County, Texas",663520
0500000US48091,"Comal County, Texas",118664
0500000US48099,"Coryell County, Texas",56430
0500000US48113,"Dallas County, Texas",1522842
0500000US48121,"Denton County, Texas",602525
0500000US48135,"Ector County, Texas",99593
0500000US48139,"Ellis County, Texas",127504
0500000US48141,"El Paso County, Texas",528716
0500000US48157,"Fort Bend County, Texas",506129
0500000US48167,"Galveston County, Texas",241336
0500000US48181,"Grayson County, Texas",99208
0500000US48183,"Gregg County, Texas",85423
0500000US48187,"Guadalupe County, Texas",120414
0500000US48201,"Harris County, Texas",2801292
0500000US48203,"Harrison County, Texas",48787
0500000US48209,"Hays County, Texas",164737
0500000US48213,"Henderson County, Texas",63191
0500000US48215,"Hidalgo County, Texas",439083
0500000US48231,"Hunt County, Texas",71315
0500000US48245,"Jefferson County, Texas",172962
0500000US48251,"Johnson County, Texas",125529
0500000US48257,"Kaufman County, Texas",91876
0500000US48291,"Liberty County, Texas",59250
0500000US48303,"Lubbock County, Texas",225735
0500000US48309,"McLennan County, Texas",180492
0500000US48329,"Midland County, Texas",113237
0500000US48339,"Montgomery County, Texas",397952
0500000US48347,"Nacogdoches County, Texas",47208
0500000US48355,"Nueces County, Texas",254413
0500000US48361,"Orange County, Texas",62156
0500000US48367,"Parker County, Texas",101924
0500000US48375,"Potter County, Texas",75559
0500000US48381,"Randall County, Texas",100098
0500000US48397,"Rockwall County, Texas",73454
0500000US48409,"San Patricio County, Texas",47926
0500000US48423,"Smith County, Texas",163015
0500000US48439,"Tarrant County, Texas",1379884
0500000US48441,"Taylor County, Texas",100121
0500000US48451,"Tom Green County, Texas",86540
0500000US48453,"Travis County, Texas",866565
0500000US48469,"Victoria County, Texas",66547
0500000US48471,"Walker County, Texas",57055
0500000US48479,"Webb County, Texas",143873
0500000US48485,"Wichita County, Texas",99050
0500000US48491,"Williamson County, Texas",402649
0500000US48497,"Wise County, Texas",47237
0500000US49005,"Cache County, Utah",84765
0500000US49011,"Davis County, Utah",235395
0500000US49035,"Salt Lake County, Utah",768155
0500000US49045,"Tooele County, Utah",48276
0500000US49049,"Utah County, Utah",403861
0500000US49053,"Washington County, Utah",126332
0500000US49057,"Weber County, Utah",180498
0500000US50007,"Chittenden County, Vermont",128974
0500000US51003,"Albemarle County, Virginia",82905
0500000US51013,"Arlington County, Virginia",170803
0500000US51015,"Augusta County, Virginia",60595
0500000US51019,"Bedford County, Virginia",62220
0500000US51041,"Chesterfield County, Virginia",255298
0500000US51059,"Fairfax County, Virginia",744298
0500000US51061,"Fauquier County, Virginia",52358
0500000US51069,"Frederick County, Virginia",65187
0500000US51085,"Hanover County, Virginia",82619
0500000US51087,"Henrico County, Virginia",235594
0500000US51095,"James City County, Virginia",59845
0500000US51107,"Loudoun County, Virginia",262259
0500000US51121,"Montgomery County, Virginia",80153
0500000US51153,"Prince William County, Virginia",290939
0500000US51161,"Roanoke County, Virginia",73479
0500000US51165,"Rockingham County, Virginia",61345
0500000US51177,"Spotsylvania County, Virginia",96345
0500000US51179,"Stafford County, Virginia",106043
0500000US51199,"York County, Virginia",50401
0500000US51510,"Alexandria city, Virginia",109615
0500000US51550,"Chesapeake city, Virginia",178713
0500000US51650,"Hampton city, Virginia",104321
0500000US51680,"Lynchburg city, Virginia",63636
0500000US51700,"Newport News city, Virginia",130216
0500000US51710,"Norfolk city, Virginia",188326
0500000US51740,"Portsmouth city, Virginia",72286
0500000US51760,"Richmond city, Virginia",179536
0500000US51770,"Roanoke city, Virginia",75645
0500000US51800,"Suffolk city, Virginia",67995
0500000US51810,"Virginia Beach city, Virginia",338466
0500000US53005,"Benton County, Washington",137142
0500000US53007,"Chelan County, Washington",52448
0500000US53009,"Clallam County, Washington",63387
0500000US53011,"Clark County, Washington",352396
0500000US53015,"Cowlitz County, Washington",82791
0500000US53021,"Franklin County, Washington",48482
0500000US53025,"Grant County, Washington",57139
0500000US53027,"Grays Harbor County, Washington",57698
0500000US53029,"Island County, Washington",68025
0500000US53033,"King County, Washington",1528801
0500000US53035,"Kitsap County, Washington",210046
0500000US53041,"Lewis County, Washington",61330
0500000US53045,"Mason County, Washington",51534
0500000US53053,"Pierce County, Washington",656925
0500000US53057,"Skagit County, Washington",94232
0500000US53061,"Snohomish County, Washington",582367
0500000US53063,"Spokane County, Washington",398795
0500000US53067,"Thurston County, Washington",218166
0500000US53073,"Whatcom County, Washington",176026
0500000US53077,"Yakima County, Washington",145202
0500000US54003,"Berkeley County, West Virginia",89730
0500000US54011,"Cabell County, West Virginia",73138
0500000US54033,"Harrison County, West Virginia",52526
0500000US54039,"Kanawha County, West Virginia",140966
0500000US54061,"Monongalia County, West Virginia",84917
0500000US54081,"Raleigh County, West Virginia",58055
0500000US54107,"Wood County, West Virginia",65709
0500000US55009,"Brown County, Wisconsin",194151
0500000US55025,"Dane County, Wisconsin",409351
0500000US55027,"Dodge County, Wisconsin",68040
0500000US55035,"Eau Claire County, Wisconsin",82214
0500000US55039,"Fond du Lac County, Wisconsin",80219
0500000US55055,"Jefferson County, Wisconsin",65774
0500000US55059,"Kenosha County, Wisconsin",126114
0500000US55063,"La Crosse County, Wisconsin",93574
0500000US55071,"Manitowoc County, Wisconsin",61264
0500000US55073,"Marathon County, Wisconsin",101843
0500000US55079,"Milwaukee County, Wisconsin",670392
0500000US55087,"Outagamie County, Wisconsin",142172
0500000US55089,"Ozaukee County, Wisconsin",68365
0500000US55097,"Portage County, Wisconsin",56020
0500000US55101,"Racine County, Wisconsin",145585
0500000US55105,"Rock County, Wisconsin",122191
0500000US55109,"St. Croix County, Wisconsin",67723
0500000US55117,"Sheboygan County, Wisconsin",87498
0500000US55127,"Walworth County, Wisconsin",80409
0500000US55131,"Washington County, Wisconsin",106556
0500000US55133,"Waukesha County, Wisconsin",310388
0500000US55139,"Winnebago County, Wisconsin",133958
0500000US55141,"Wood County, Wisconsin",56768
0500000US56021,"Laramie County, Wyoming",74452
0500000US56025,"Natrona County, Wyoming",60367
0500000US72013,"Arecibo Municipio, Puerto Rico",67290
0500000US72021,"Bayamón Municipio, Puerto Rico",137404
0500000US72025,"Caguas Municipio, Puerto Rico",101878
0500000US72031,"Carolina Municipio, Puerto Rico",117408
0500000US72061,"Guaynabo Municipio, Puerto Rico",69900
0500000US72097,"Mayagüez Municipio, Puerto Rico",59027
0500000US72113,"Ponce Municipio, Puerto Rico",106173
0500000US72127,"San Juan Municipio, Puerto Rico",246768
0500000US72135,"Toa Alta Municipio, Puerto Rico",58396
0500000US72137,"Toa Baja Municipio, Puerto Rico",59718
0500000US72139,"Trujillo Alto Municipio, Puerto Rico",51075
